pair,timeframe,direction,score,factors,entry_ts,entry,sl,tp1,tp2,outcome,exit_ts,exit_price,pnl_pips,expired
XAG/USD,15min,LONG,7,FVG present in zone;Sell-side liquidity swept;In kill zone;Discount zone (below 50% EQ);Wyckoff Accumulation Phase C — Spring confirmed,2026-06-01 14:00:00+00:00,74.19499969482422,73.795,76.005,76.092,TP2,2026-06-02 01:00:00+00:00,76.092,19.0,False
NAS100,15min,SHORT,7,Price at Bearish OB (29065.75 – 29169.0);In kill zone;Wyckoff Distribution Phase C — UTAD confirmed;UTAD tested (no demand);UTAD at Bearish OB — ICT+Wyckoff confluence,2026-06-10 14:15:00+00:00,29091.5,29179.0,28227.75,27945.47,SL,2026-06-10 14:15:00+00:00,29179.0,-87.5,False
US30,15min,SHORT,6,HTF BEARISH bias aligns with SHORT signal;FVG present in zone;In kill zone;CHoCH confirmed on LTF;Wyckoff Distribution Phase C — UTAD confirmed;UTAD tested (no demand),2026-06-10 14:45:00+00:00,50580.0,50660.0,50262.0,49759.38,TP2,2026-06-10 23:15:00+00:00,49759.38,569.3,False
US30,15min,SHORT,7,HTF BEARISH bias aligns with SHORT signal;Price at Bearish OB (50285.0 – 50422.0);FVG present in zone;OB+FVG confluence zone;Buy-side liquidity swept;In kill zone,2026-06-11 14:00:00+00:00,50340.0,50432.0,49758.0,49260.42,SL,2026-06-11 17:15:00+00:00,50432.0,-92.0,False
NAS100,15min,SHORT,7,HTF BEARISH bias aligns with SHORT signal;Buy-side liquidity swept;In kill zone;CHoCH confirmed on LTF;Wyckoff Distribution Phase C — UTAD confirmed;UTAD tested (no demand),2026-06-11 14:15:00+00:00,28843.5,28893.5,28684.75,28632.25,SL,2026-06-11 14:15:00+00:00,28893.5,-50.0,False
NAS100,15min,SHORT,8,HTF BEARISH bias aligns with SHORT signal;FVG present in zone;Buy-side liquidity swept;In kill zone;CHoCH confirmed on LTF;Wyckoff Distribution Phase C — UTAD confirmed;UTAD tested (no demand),2026-06-11 14:45:00+00:00,28818.0,28868.0,28684.75,28632.25,TP2,2026-06-11 14:45:00+00:00,28632.25,185.8,False
NAS100,15min,LONG,6,HTF BULLISH bias aligns with LONG signal;Sell-side liquidity swept;In kill zone;CHoCH confirmed on LTF;Wyckoff Accumulation Phase C — Spring confirmed,2026-06-17 12:00:00+00:00,30416.0,30366.0,30853.33,30891.5,SL,2026-06-17 13:45:00+00:00,30366.0,-50.0,False
US30,1h,SHORT,6,HTF BEARISH bias aligns with SHORT signal;Buy-side liquidity swept;In kill zone;Premium zone (above 50% EQ);Wyckoff Distribution Phase C — UTAD confirmed,2026-06-17 14:00:00+00:00,52636.0,52716.0,52402.5,52093.0,SL,2026-06-17 14:00:00+00:00,52716.0,-80.0,False
US30,1h,SHORT,6,HTF BEARISH bias aligns with SHORT signal;Buy-side liquidity swept;Premium zone (above 50% EQ);Wyckoff Distribution Phase C — UTAD confirmed;UTAD tested (no demand),2026-06-17 16:00:00+00:00,52669.0,52749.0,52402.5,52093.0,TP2,2026-06-17 19:15:00+00:00,52093.0,421.2,False
XAU/USD,15min,LONG,6,Sell-side liquidity swept;In kill zone;Wyckoff Accumulation Phase C — Spring confirmed;Spring tested (no supply),2026-06-18 07:00:00+00:00,4326.60009765625,4318.6,4344.7,4351.97,SL,2026-06-18 07:30:00+00:00,4318.6,-80.0,False
EUR/JPY,1h,LONG,6,FVG present in zone;Sell-side liquidity swept;In kill zone;Discount zone (below 50% EQ);CHoCH confirmed on LTF,2026-06-26 11:00:00+00:00,184.3159942626953,184.07,185.38,186.32,SL,2026-06-26 19:15:00+00:00,184.07,-24.6,False
NAS100,1h,SHORT,7,HTF BEARISH bias aligns with SHORT signal;Price at Bearish OB (30117.0 – 30263.75);FVG present in zone;OB+FVG confluence zone;Buy-side liquidity swept;Premium zone (above 50% EQ),2026-06-30 06:00:00+00:00,30167.0,30273.75,29928.88,29273.75,SL,2026-06-30 13:45:00+00:00,30273.75,-106.8,False
XAU/USD,1h,SHORT,7,HTF BEARISH bias aligns with SHORT signal;Price at Bearish OB (4051.8 – 4067.0);In kill zone;CHoCH confirmed on LTF;Wyckoff Distribution Phase C — UTAD confirmed;UTAD at Bearish OB — ICT+Wyckoff confluence,2026-06-30 15:00:00+00:00,4052.0,4067.76,4012.0,3976.0,TP2,2026-07-01 06:15:00+00:00,3976.0,580.0,False
US30,1h,SHORT,6,Buy-side liquidity swept;In kill zone;Premium zone (above 50% EQ);Wyckoff Distribution Phase C — UTAD confirmed,2026-07-02 14:00:00+00:00,53032.0,53112.0,52556.5,52382.0,SL,2026-07-02 14:15:00+00:00,53112.0,-80.0,False
US30,1h,SHORT,6,Buy-side liquidity swept;Premium zone (above 50% EQ);Wyckoff Distribution Phase C — UTAD confirmed;UTAD tested (no demand),2026-07-02 16:00:00+00:00,53009.0,53089.0,52556.5,52382.0,SL,2026-07-02 19:45:00+00:00,53089.0,-80.0,False
US30,1h,SHORT,6,Buy-side liquidity swept;Premium zone (above 50% EQ);Wyckoff Distribution Phase C — UTAD confirmed;UTAD tested (no demand),2026-07-02 21:00:00+00:00,53169.0,53249.0,52556.5,52382.0,SL,2026-07-03 00:15:00+00:00,53249.0,-80.0,False
NAS100,15min,SHORT,8,FVG present in zone;Buy-side liquidity swept;In kill zone;Premium zone (above 50% EQ);Wyckoff Distribution Phase C — UTAD confirmed;UTAD tested (no demand),2026-07-06 15:00:00+00:00,30025.25,30075.25,29860.75,29778.12,SL,2026-07-06 15:30:00+00:00,30075.25,-50.0,False
US30,1h,SHORT,6,Buy-side liquidity swept;Premium zone (above 50% EQ);Wyckoff Distribution Phase C — UTAD confirmed;UTAD tested (no demand),2026-07-06 23:00:00+00:00,53425.0,53505.0,53144.0,53140.0,SL,2026-07-07 08:15:00+00:00,53505.0,-80.0,False
XAG/USD,1h,LONG,6,HTF BULLISH bias aligns with LONG signal;Price at Bullish OB (59.91 – 60.535);FVG present in zone;OB+FVG confluence zone;Sell-side liquidity swept,2026-07-07 21:00:00+00:00,60.404998779296875,59.87875,62.815,63.57,SL,2026-07-08 08:30:00+00:00,59.87875,-5.3,False
US30,1h,LONG,6,HTF BULLISH bias aligns with LONG signal;Price at Bullish OB (53039.0 – 53382.0);FVG present in zone;OB+FVG confluence zone;Sell-side liquidity swept,2026-07-08 00:00:00+00:00,53135.0,53021.85,53391.0,53400.0,SL,2026-07-08 07:00:00+00:00,53021.85,-113.2,False
NAS100,1h,SHORT,7,FVG present in zone;Buy-side liquidity swept;CHoCH confirmed on LTF;Wyckoff Distribution Phase C — UTAD confirmed;UTAD tested (no demand),2026-07-09 04:00:00+00:00,29505.75,29555.75,29273.75,29260.5,SL,2026-07-09 04:45:00+00:00,29555.75,-50.0,False
XAU/USD,15min,SHORT,6,FVG present in zone;In kill zone;Premium zone (above 50% EQ);Wyckoff Distribution Phase C — UTAD confirmed;UTAD tested (no demand),2026-07-09 08:30:00+00:00,4124.39990234375,4132.4,4106.55,4103.35,TP2,2026-07-09 10:45:00+00:00,4103.35,210.5,False
XAU/USD,15min,LONG,6,FVG present in zone;Sell-side liquidity swept;In kill zone;Wyckoff Accumulation Phase C — Spring confirmed,2026-07-10 13:30:00+00:00,4095.89990234375,4087.9,4127.8,4147.9,SL,2026-07-10 14:30:00+00:00,4087.9,-80.0,False
US30,1h,LONG,7,FVG present in zone;Sell-side liquidity swept;Discount zone (below 50% EQ);CHoCH confirmed on LTF;Wyckoff Accumulation Phase C — Spring confirmed,2026-07-10 16:00:00+00:00,52867.0,52787.0,53391.0,53400.0,SL,2026-07-12 22:00:00+00:00,52787.0,-80.0,False
XAU/USD,1h,LONG,7,FVG present in zone;Sell-side liquidity swept;Discount zone (below 50% EQ);Wyckoff Accumulation Phase C — Spring confirmed;Spring tested (no supply),2026-07-13 04:00:00+00:00,4067.39990234375,4059.4,4102.2,4130.0,SL,2026-07-13 04:15:00+00:00,4059.4,-80.0,False
XAU/USD,1h,LONG,7,FVG present in zone;Sell-side liquidity swept;Discount zone (below 50% EQ);Wyckoff Accumulation Phase C — Spring confirmed;Spring tested (no supply),2026-07-13 05:00:00+00:00,4066.300048828125,4058.3,4102.2,4130.0,SL,2026-07-13 06:00:00+00:00,4058.3,-80.0,False
XAU/USD,1h,LONG,8,FVG present in zone;Sell-side liquidity swept;In kill zone;Discount zone (below 50% EQ);Wyckoff Accumulation Phase C — Spring confirmed;Spring tested (no supply),2026-07-13 07:00:00+00:00,4063.0,4055.0,4102.2,4130.0,SL,2026-07-13 10:30:00+00:00,4055.0,-80.0,False
XAU/USD,1h,LONG,8,FVG present in zone;Sell-side liquidity swept;In kill zone;Discount zone (below 50% EQ);Wyckoff Accumulation Phase C — Spring confirmed;Spring tested (no supply),2026-07-13 11:00:00+00:00,4068.39990234375,4060.4,4102.2,4130.0,SL,2026-07-13 13:30:00+00:00,4060.4,-80.0,False
US30,1h,LONG,6,HTF BULLISH bias aligns with LONG signal;FVG present in zone;Sell-side liquidity swept;In kill zone;Discount zone (below 50% EQ);CHoCH confirmed on LTF,2026-07-13 11:00:00+00:00,52893.0,52813.0,53391.0,53656.0,SL,2026-07-13 12:00:00+00:00,52813.0,-80.0,False
US30,1h,LONG,6,FVG present in zone;Sell-side liquidity swept;In kill zone;Discount zone (below 50% EQ);CHoCH confirmed on LTF,2026-07-13 13:00:00+00:00,52883.0,52803.0,53391.0,53656.0,SL,2026-07-13 14:15:00+00:00,52803.0,-80.0,False
NAS100,1h,LONG,6,Price at Bullish OB (29614.5 – 29922.75);Sell-side liquidity swept;In kill zone;Discount zone (below 50% EQ),2026-07-13 14:00:00+00:00,29630.0,29599.09,29915.0,30094.0,SL,2026-07-13 14:00:00+00:00,29599.09,-30.9,False
EUR/JPY,15min,SHORT,6,HTF BEARISH bias aligns with SHORT signal;Price at Bearish OB (185.05 – 185.09);Buy-side liquidity swept;In kill zone;Premium zone (above 50% EQ),2026-07-14 08:30:00+00:00,185.0540008544922,185.14,184.87,184.75,SL_AFTER_TP1,2026-07-14 12:30:00+00:00,185.14,4.9,False
NAS100,1h,SHORT,6,In kill zone;Premium zone (above 50% EQ);CHoCH confirmed on LTF;Wyckoff Distribution Phase C — UTAD confirmed;UTAD tested (no demand),2026-07-14 14:00:00+00:00,29781.25,29831.25,29679.0,29327.25,SL_AFTER_TP1,2026-07-14 14:30:00+00:00,29831.25,26.1,False
XAU/USD,1h,LONG,8,Sell-side liquidity swept;In kill zone;Discount zone (below 50% EQ);CHoCH confirmed on LTF;Wyckoff Accumulation Phase C — Spring confirmed;Spring tested (no supply),2026-07-16 11:00:00+00:00,4035.10009765625,4027.1,4089.1,4128.0,SL,2026-07-16 11:15:00+00:00,4027.1,-80.0,False
US30,1h,SHORT,6,Price at Bearish OB (52856.0 – 53111.0);Buy-side liquidity swept;In kill zone;Premium zone (above 50% EQ),2026-07-16 11:00:00+00:00,52987.0,53123.75,52694.67,52680.0,TP2,2026-07-16 19:00:00+00:00,52680.0,299.6,False
XAU/USD,1h,LONG,7,Sell-side liquidity swept;In kill zone;Discount zone (below 50% EQ);CHoCH confirmed on LTF;Wyckoff Accumulation Phase C — Spring confirmed,2026-07-16 12:00:00+00:00,4044.10009765625,4036.1,4089.1,4128.0,SL,2026-07-16 12:00:00+00:00,4036.1,-80.0,False
XAU/USD,1h,LONG,6,Sell-side liquidity swept;In kill zone;Discount zone (below 50% EQ);Wyckoff Accumulation Phase C — Spring confirmed,2026-07-16 13:00:00+00:00,3996.39990234375,3988.4,4089.1,4128.0,SL,2026-07-16 13:00:00+00:00,3988.4,-80.0,False
XAU/USD,1h,LONG,6,Sell-side liquidity swept;In kill zone;Discount zone (below 50% EQ);Wyckoff Accumulation Phase C — Spring confirmed,2026-07-16 14:00:00+00:00,3994.0,3986.0,4089.1,4128.0,SL,2026-07-16 17:30:00+00:00,3986.0,-80.0,False
US30,15min,LONG,8,HTF BULLISH bias aligns with LONG signal;Sell-side liquidity swept;In kill zone;Discount zone (below 50% EQ);CHoCH confirmed on LTF;Wyckoff Accumulation Phase C — Spring confirmed;Spring tested (no supply),2026-07-17 14:30:00+00:00,52742.0,52662.0,52952.33,53094.0,SL,2026-07-17 15:00:00+00:00,52662.0,-80.0,False
NAS100,1h,LONG,6,In kill zone;Discount zone (below 50% EQ);CHoCH confirmed on LTF;Wyckoff Accumulation Phase C — Spring confirmed;Spring tested (no supply),2026-07-22 08:00:00+00:00,29056.0,29006.0,29364.75,29798.38,SL,2026-07-22 12:15:00+00:00,29006.0,-50.0,False
US30,1h,LONG,7,Sell-side liquidity swept;In kill zone;Discount zone (below 50% EQ);Wyckoff Accumulation Phase C — Spring confirmed;Spring tested (no supply),2026-07-23 09:00:00+00:00,52294.0,52214.0,52721.0,53103.0,SL,2026-07-23 09:30:00+00:00,52214.0,-80.0,False
US30,1h,LONG,6,Sell-side liquidity swept;Discount zone (below 50% EQ);Wyckoff Accumulation Phase C — Spring confirmed;Spring tested (no supply),2026-07-23 10:00:00+00:00,52226.0,52146.0,52721.0,53103.0,SL,2026-07-23 11:30:00+00:00,52146.0,-80.0,False
XAU/USD,1h,LONG,6,Price at Bullish OB (4081.0 – 4089.0);FVG present in zone;OB+FVG confluence zone;In kill zone;CHoCH confirmed on LTF,2026-07-23 12:00:00+00:00,4088.89990234375,4080.5,4112.5,4145.0,SL,2026-07-23 12:15:00+00:00,4080.5,-84.0,False
USD/CAD,1h,SHORT,7,Price at Bearish OB (1.4078 – 1.40946);Buy-side liquidity swept;In kill zone;Premium zone (above 50% EQ);CHoCH confirmed on LTF,2026-07-24 12:00:00+00:00,1.408750057220459,1.40996,1.4053,1.40487,SL,2026-07-24 12:30:00+00:00,1.40996,-12.1,False
